Workbook

Sheet 總覽
A1: 健身課表（實作版） — 科學增肌減脂藍圖
A2: 基於 NotebookLM Report 設計｜對象：男 / 90 kg / 中階 / Body Recomp
A4: ■ 使用流程
A5: 1. | B5: 個人資料 | C5: 更新體重與 1RM（黃底藍字為輸入欄）。所有重量會自動重算。
A6: 2. | B6: 重量速查 | C6: 查表式對照各動作在 70/72/75/77.5/80% 1RM 的目標重量（已四捨五入到 2.5kg）。
A7: 3. | B7: Day 1 ~ Day 5 | C7: 依日訓練。先看『目標 kg / RPE』，再把實際完成的『組1~組4』填進去。
A8: 4. | B8: 方案 A 全身備援 | C8: 出差/減載/生病康復週改用，2-3 次/週即可達標。
A9: 5. | B9: Readiness 自評 | C9: 晨起 1 分鐘填 4 項，總分 <14 強制降強度或主動恢復。
A10: 6. | B10: 營養目標 / 追蹤 | C10: 目標每日 P 180g / F 80g / C 327g（訓練日 350g，休息日 280g）。
A11: 7. | B11: 食物範例 | C11: 速查蛋白質食物份量，輔助達標。
A12: 8. | B12: 4 週檢核 | C12: 每週末勾選里程碑，第 4 週末重測 1RM 校正課表。
A13: ★ | B13: 每日儀表板 | C13: 一頁紀錄訓練 + 飲食 + Readiness + 體重，自動算 ACWR 與週彙總。建議每天從這頁開始填。
A15: ■ 圖例（Color Code）
B16: 黃底藍字 | C16: 輸入欄 — 由你填入
B17: 綠字 | C17: 跨工作表連結 — 自動從『個人資料』拉數
B18: 黑字 | C18: 公式計算 — 請勿覆寫
B19: 橘底 | C19: 提醒 / 警告
A22: ■ 核心訓練原則（Report 摘要）
B23: • 強度區間 70-80% 1RM 才能徵召第二型快縮肌（攔截肌少症 / 驅動肥大）
B24: • 全程幅度（Full ROM）優於半程
B25: • PPL / 上下肢分割，同肌群 48-72hr 修復窗
B26: • RPE 監控：常態 7-8，主肌群可推至 8.5-9，禁長期 10
B27: • ACWR 控管：當週負荷 / 過去 4 週平均，控在 0.8-1.3，>1.3 強制 deload
B28: • 高品質睡眠（DLMO 同步、避藍光）= 褪黑激素 = 修復引擎

Sheet 個人資料
A1: 個人資料 & 1RM 估算
A2: 更新黃色輸入欄；所有訓練日的目標重量會自動重算。
A4: ■ 基本身體資料
B5: 身高 (cm) | C5: 175 | E5: 用於估算 BMR
B6: 體重 (kg) | C6: 90 | E6: 中點估值；實際 89-91
B7: 年齡 | C7: 30 | E7: 估值；請更新
B8: 性別 | C8: 男 | E8: M / F
B9: 活動係數 | C9: 1.55 | E9: 1.2 久坐 / 1.375 輕活動 / 1.55 中度（含訓練 3-5 次）/ 1.725 高度
B10: 訓練年資 | C10: 中階 | E10: 初學 / 中階 / 進階
A12: ■ 主要動作 1RM（估算值；第 1 週試重後請更新）
A13: # | B13: 動作 | C13: 1RM (kg) | D13: 本系統估值對應 | E13: 備註
A14: 1 | B14: 槓鈴平板臥推 | C14: 95 | D14: ≈ 1.05× BW | E14: 中階男平均區間 1.0-1.25× BW
A15: 2 | B15: 槓鈴背蹲（高槓） | C15: 115 | D15: ≈ 1.28× BW | E15: 1.25-1.5× BW
A16: 3 | B16: 傳統硬舉 | C16: 140 | D16: ≈ 1.56× BW | E16: 1.5-1.75× BW
A17: 4 | B17: 槓鈴肩推（坐姿） | C17: 60 | D17: ≈ 0.67× BW | E17: 0.65-0.85× BW
A18: 5 | B18: 槓鈴俯身划船 | C18: 90 | D18: ≈ 1.00× BW | E18: 1.0-1.2× BW
A19: 6 | B19: 前蹲 | C19: 95 | D19: ≈ 0.83× 背蹲 | E19: 前蹲約背蹲 80-85%
A20: 7 | B20: 羅馬尼亞硬舉 | C20: 115 | D20: ≈ 0.82× 硬舉 | E20: RDL 約硬舉 75-85%
A21: 8 | B21: 槓鈴髖推 | C21: 145 | D21: ≈ 1.61× BW | E21: 1.5-2× BW
A22: 9 | B22: 引體向上（含加重） | C22: 90 | D22: =BW + 0kg | E22: 可做 5-10 下嚴格 ≈ 1RM = BW
A23: 10 | B23: 雙槓撐體（含加重） | C23: 90 | D23: =BW + 0kg | E23: 可做 6-12 下嚴格 ≈ 1RM = BW
A26: ■ 1RM 校正方法（第 1 週後使用）
B27: 方法 1 — RPE 反推：用某個重量做到 RPE 8（剩 2 下保留量），公式：
B28: 1RM ≈ 完成重量 ÷ (1.0278 − 0.0278 × 完成次數)
B29: 例：80kg × 8 下 RPE 8 → 1RM ≈ 80 / 0.806 ≈ 99kg
B30: 方法 2 — 5RM 試重：找一個能勉強做 5 下的重量。1RM ≈ 5RM × 1.15
B31: 方法 3 — Epley 公式：1RM ≈ 重量 × (1 + 次數/30)

Sheet 每日儀表板
A1: 每日訓練 + 飲食合併追蹤儀表板
A2: 每天 1 分鐘填一列；K、L、M、N、O 欄自動算。連續 3 日狀態 ✗ → 強制 Deload。目標：訓練日 2866 kcal / 休息日 2666 kcal / 蛋白質 180g
A4: ■ 每日填寫（4 週 / 28 天）
A5: 日期 | B5: 週 | C5: 訓練類型 | D5: 時長(分) | E5: S-RPE | F5: 點數 | G5: Ready | H5: P(g) | I5: F(g) | J5: C(g) | K5: 熱量(kcal) | L5: 目標kcal | M5: ΔKcal | N5: ΔP(g) | O5: 狀態 | P5: 體重(kg) | Q5: 備註
B6: =IF(A6="","",TEXT(A6,"aaa")) | F6: =IF(OR(D6="",E6=""),"",D6*E6) | K6: =IF(SUM(H6:J6)=0,"",H6*4+I6*9+J6*4) | L6: =IF(C6="","",IF(OR(ISNUMBER(SEARCH("Day 1",C6)),ISNUMBER(SEARCH("Day 2",C6)),ISNUMBER(SEARCH("Day 4",C6)),ISNUMBER(SEARCH("Day 5",C6)),C6="方案A 全身"),'營養目標'!$F$10,'營養目標'!$F$11)) | M6: =IF(OR(K6="",L6=""),"",K6-L6) | N6: =IF(H6="","",H6-'營養目標'!$C$10) | O6: =IF(OR(K6="",L6=""),"",IF(AND(ABS(M6)<=200,N6>=-20,OR(G6="",G6>=14)),"✓",IF(OR(ABS(M6)>400,N6<-40,AND(G6<>"",G6<10)),"✗","⚠")))
B7: =IF(A7="","",TEXT(A7,"aaa")) | F7: =IF(OR(D7="",E7=""),"",D7*E7) | K7: =IF(SUM(H7:J7)=0,"",H7*4+I7*9+J7*4) | L7: =IF(C7="","",IF(OR(ISNUMBER(SEARCH("Day 1",C7)),ISNUMBER(SEARCH("Day 2",C7)),ISNUMBER(SEARCH("Day 4",C7)),ISNUMBER(SEARCH("Day 5",C7)),C7="方案A 全身"),'營養目標'!$F$10,'營養目標'!$F$11)) | M7: =IF(OR(K7="",L7=""),"",K7-L7) | N7: =IF(H7="","",H7-'營養目標'!$C$10) | O7: =IF(OR(K7="",L7=""),"",IF(AND(ABS(M7)<=200,N7>=-20,OR(G7="",G7>=14)),"✓",IF(OR(ABS(M7)>400,N7<-40,AND(G7<>"",G7<10)),"✗","⚠")))
B8: =IF(A8="","",TEXT(A8,"aaa")) | F8: =IF(OR(D8="",E8=""),"",D8*E8) | K8: =IF(SUM(H8:J8)=0,"",H8*4+I8*9+J8*4) | L8: =IF(C8="","",IF(OR(ISNUMBER(SEARCH("Day 1",C8)),ISNUMBER(SEARCH("Day 2",C8)),ISNUMBER(SEARCH("Day 4",C8)),ISNUMBER(SEARCH("Day 5",C8)),C8="方案A 全身"),'營養目標'!$F$10,'營養目標'!$F$11)) | M8: =IF(OR(K8="",L8=""),"",K8-L8) | N8: =IF(H8="","",H8-'營養目標'!$C$10) | O8: =IF(OR(K8="",L8=""),"",IF(AND(ABS(M8)<=200,N8>=-20,OR(G8="",G8>=14)),"✓",IF(OR(ABS(M8)>400,N8<-40,AND(G8<>"",G8<10)),"✗","⚠")))
B9: =IF(A9="","",TEXT(A9,"aaa")) | F9: =IF(OR(D9="",E9=""),"",D9*E9) | K9: =IF(SUM(H9:J9)=0,"",H9*4+I9*9+J9*4) | L9: =IF(C9="","",IF(OR(ISNUMBER(SEARCH("Day 1",C9)),ISNUMBER(SEARCH("Day 2",C9)),ISNUMBER(SEARCH("Day 4",C9)),ISNUMBER(SEARCH("Day 5",C9)),C9="方案A 全身"),'營養目標'!$F$10,'營養目標'!$F$11)) | M9: =IF(OR(K9="",L9=""),"",K9-L9) | N9: =IF(H9="","",H9-'營養目標'!$C$10) | O9: =IF(OR(K9="",L9=""),"",IF(AND(ABS(M9)<=200,N9>=-20,OR(G9="",G9>=14)),"✓",IF(OR(ABS(M9)>400,N9<-40,AND(G9<>"",G9<10)),"✗","⚠")))
B10: =IF(A10="","",TEXT(A10,"aaa")) | F10: =IF(OR(D10="",E10=""),"",D10*E10) | K10: =IF(SUM(H10:J10)=0,"",H10*4+I10*9+J10*4) | L10: =IF(C10="","",IF(OR(ISNUMBER(SEARCH("Day 1",C10)),ISNUMBER(SEARCH("Day 2",C10)),ISNUMBER(SEARCH("Day 4",C10)),ISNUMBER(SEARCH("Day 5",C10)),C10="方案A 全身"),'營養目標'!$F$10,'營養目標'!$F$11)) | M10: =IF(OR(K10="",L10=""),"",K10-L10) | N10: =IF(H10="","",H10-'營養目標'!$C$10) | O10: =IF(OR(K10="",L10=""),"",IF(AND(ABS(M10)<=200,N10>=-20,OR(G10="",G10>=14)),"✓",IF(OR(ABS(M10)>400,N10<-40,AND(G10<>"",G10<10)),"✗","⚠")))
B11: =IF(A11="","",TEXT(A11,"aaa")) | F11: =IF(OR(D11="",E11=""),"",D11*E11) | K11: =IF(SUM(H11:J11)=0,"",H11*4+I11*9+J11*4) | L11: =IF(C11="","",IF(OR(ISNUMBER(SEARCH("Day 1",C11)),ISNUMBER(SEARCH("Day 2",C11)),ISNUMBER(SEARCH("Day 4",C11)),ISNUMBER(SEARCH("Day 5",C11)),C11="方案A 全身"),'營養目標'!$F$10,'營養目標'!$F$11)) | M11: =IF(OR(K11="",L11=""),"",K11-L11) | N11: =IF(H11="","",H11-'營養目標'!$C$10) | O11: =IF(OR(K11="",L11=""),"",IF(AND(ABS(M11)<=200,N11>=-20,OR(G11="",G11>=14)),"✓",IF(OR(ABS(M11)>400,N11<-40,AND(G11<>"",G11<10)),"✗","⚠")))
B12: =IF(A12="","",TEXT(A12,"aaa")) | F12: =IF(OR(D12="",E12=""),"",D12*E12) | K12: =IF(SUM(H12:J12)=0,"",H12*4+I12*9+J12*4) | L12: =IF(C12="","",IF(OR(ISNUMBER(SEARCH("Day 1",C12)),ISNUMBER(SEARCH("Day 2",C12)),ISNUMBER(SEARCH("Day 4",C12)),ISNUMBER(SEARCH("Day 5",C12)),C12="方案A 全身"),'營養目標'!$F$10,'營養目標'!$F$11)) | M12: =IF(OR(K12="",L12=""),"",K12-L12) | N12: =IF(H12="","",H12-'營養目標'!$C$10) | O12: =IF(OR(K12="",L12=""),"",IF(AND(ABS(M12)<=200,N12>=-20,OR(G12="",G12>=14)),"✓",IF(OR(ABS(M12)>400,N12<-40,AND(G12<>"",G12<10)),"✗","⚠")))
B13: =IF(A13="","",TEXT(A13,"aaa")) | F13: =IF(OR(D13="",E13=""),"",D13*E13) | K13: =IF(SUM(H13:J13)=0,"",H13*4+I13*9+J13*4) | L13: =IF(C13="","",IF(OR(ISNUMBER(SEARCH("Day 1",C13)),ISNUMBER(SEARCH("Day 2",C13)),ISNUMBER(SEARCH("Day 4",C13)),ISNUMBER(SEARCH("Day 5",C13)),C13="方案A 全身"),'營養目標'!$F$10,'營養目標'!$F$11)) | M13: =IF(OR(K13="",L13=""),"",K13-L13) | N13: =IF(H13="","",H13-'營養目標'!$C$10) | O13: =IF(OR(K13="",L13=""),"",IF(AND(ABS(M13)<=200,N13>=-20,OR(G13="",G13>=14)),"✓",IF(OR(ABS(M13)>400,N13<-40,AND(G13<>"",G13<10)),"✗","⚠")))
B14: =IF(A14="","",TEXT(A14,"aaa")) | F14: =IF(OR(D14="",E14=""),"",D14*E14) | K14: =IF(SUM(H14:J14)=0,"",H14*4+I14*9+J14*4) | L14: =IF(C14="","",IF(OR(ISNUMBER(SEARCH("Day 1",C14)),ISNUMBER(SEARCH("Day 2",C14)),ISNUMBER(SEARCH("Day 4",C14)),ISNUMBER(SEARCH("Day 5",C14)),C14="方案A 全身"),'營養目標'!$F$10,'營養目標'!$F$11)) | M14: =IF(OR(K14="",L14=""),"",K14-L14) | N14: =IF(H14="","",H14-'營養目標'!$C$10) | O14: =IF(OR(K14="",L14=""),"",IF(AND(ABS(M14)<=200,N14>=-20,OR(G14="",G14>=14)),"✓",IF(OR(ABS(M14)>400,N14<-40,AND(G14<>"",G14<10)),"✗","⚠")))
B15: =IF(A15="","",TEXT(A15,"aaa")) | F15: =IF(OR(D15="",E15=""),"",D15*E15) | K15: =IF(SUM(H15:J15)=0,"",H15*4+I15*9+J15*4) | L15: =IF(C15="","",IF(OR(ISNUMBER(SEARCH("Day 1",C15)),ISNUMBER(SEARCH("Day 2",C15)),ISNUMBER(SEARCH("Day 4",C15)),ISNUMBER(SEARCH("Day 5",C15)),C15="方案A 全身"),'營養目標'!$F$10,'營養目標'!$F$11)) | M15: =IF(OR(K15="",L15=""),"",K15-L15) | N15: =IF(H15="","",H15-'營養目標'!$C$10) | O15: =IF(OR(K15="",L15=""),"",IF(AND(ABS(M15)<=200,N15>=-20,OR(G15="",G15>=14)),"✓",IF(OR(ABS(M15)>400,N15<-40,AND(G15<>"",G15<10)),"✗","⚠")))
B16: =IF(A16="","",TEXT(A16,"aaa")) | F16: =IF(OR(D16="",E16=""),"",D16*E16) | K16: =IF(SUM(H16:J16)=0,"",H16*4+I16*9+J16*4) | L16: =IF(C16="","",IF(OR(ISNUMBER(SEARCH("Day 1",C16)),ISNUMBER(SEARCH("Day 2",C16)),ISNUMBER(SEARCH("Day 4",C16)),ISNUMBER(SEARCH("Day 5",C16)),C16="方案A 全身"),'營養目標'!$F$10,'營養目標'!$F$11)) | M16: =IF(OR(K16="",L16=""),"",K16-L16) | N16: =IF(H16="","",H16-'營養目標'!$C$10) | O16: =IF(OR(K16="",L16=""),"",IF(AND(ABS(M16)<=200,N16>=-20,OR(G16="",G16>=14)),"✓",IF(OR(ABS(M16)>400,N16<-40,AND(G16<>"",G16<10)),"✗","⚠")))
B17: =IF(A17="","",TEXT(A17,"aaa")) | F17: =IF(OR(D17="",E17=""),"",D17*E17) | K17: =IF(SUM(H17:J17)=0,"",H17*4+I17*9+J17*4) | L17: =IF(C17="","",IF(OR(ISNUMBER(SEARCH("Day 1",C17)),ISNUMBER(SEARCH("Day 2",C17)),ISNUMBER(SEARCH("Day 4",C17)),ISNUMBER(SEARCH("Day 5",C17)),C17="方案A 全身"),'營養目標'!$F$10,'營養目標'!$F$11)) | M17: =IF(OR(K17="",L17=""),"",K17-L17) | N17: =IF(H17="","",H17-'營養目標'!$C$10) | O17: =IF(OR(K17="",L17=""),"",IF(AND(ABS(M17)<=200,N17>=-20,OR(G17="",G17>=14)),"✓",IF(OR(ABS(M17)>400,N17<-40,AND(G17<>"",G17<10)),"✗","⚠")))
... B33: =IF(A33="","",TEXT(A33,"aaa")) | F33: =IF(OR(D33="",E33=""),"",D33*E33) | K33: =IF(SUM(H33:J33)=0,"",H33*4+I33*9+J33*4) | L33: =IF(C33="","",IF(OR(ISNUMBER(SEARCH("Day 1",C33)),ISNUMBER(SEARCH("Day 2",C33)),ISNUMBER(SEARCH("Day 4",C33)),ISNUMBER(SEARCH("Day 5",C33)),C33="方案A 全身"),'營養目標'!$F$10,'營養目標'!$F$11)) | M33: =IF(OR(K33="",L33=""),"",K33-L33) | N33: =IF(H33="","",H33-'營養目標'!$C$10) | O33: =IF(OR(K33="",L33=""),"",IF(AND(ABS(M33)<=200,N33>=-20,OR(G33="",G33>=14)),"✓",IF(OR(ABS(M33)>400,N33<-40,AND(G33<>"",G33<10)),"✗","⚠")))
A35: ■ 週彙總（自動）
A36: 週 | B36: 區間日 | C36: 訓練次 | D36: 總點數 | E36: 平均 S-RPE | F36: 平均 kcal | G36: 平均 P(g) | H36: 平均 Ready | I36: 週末體重 | J36: ΔKg vs 上週 | K36: ACWR | L36: 達標日數 ✓ | M36: 評語
A37: Week 1 | B37: =IF(A6="","-",TEXT(A6,"m/d")&" – "&IF(A12="","",TEXT(A12,"m/d"))) | C37: =COUNTIF(C6:C12,"Day*")+COUNTIF(C6:C12,"方案A*") | D37: =IFERROR(SUM(F6:F12),0) | E37: =IFERROR(ROUND(AVERAGE(E6:E12),1),"") | F37: =IFERROR(ROUND(AVERAGE(K6:K12),0),"") | G37: =IFERROR(ROUND(AVERAGE(H6:H12),0),"") | H37: =IFERROR(ROUND(AVERAGE(G6:G12),1),"") | I37: =IFERROR(IF(MAX(P6:P12)=0,"",MAX(P6:P12)),"") | J37: — | K37: =IFERROR(IF(D37=0,"",ROUND(D37/AVERAGE(D$37:D37),2)),"") | L37: =COUNTIF(O6:O12,"✓") | M37: =IF(D37=0,"待填",IF(K37>1.3,"⚠ ACWR > 1.3 強制 Deload",IF(K37<0.8,"低負荷，可加碼",IF(L37>=5,"✓ 達標佳","→ 注意飲食配合"))))
A38: Week 2 | B38: =IF(A13="","-",TEXT(A13,"m/d")&" – "&IF(A19="","",TEXT(A19,"m/d"))) | C38: =COUNTIF(C13:C19,"Day*")+COUNTIF(C13:C19,"方案A*") | D38: =IFERROR(SUM(F13:F19),0) | E38: =IFERROR(ROUND(AVERAGE(E13:E19),1),"") | F38: =IFERROR(ROUND(AVERAGE(K13:K19),0),"") | G38: =IFERROR(ROUND(AVERAGE(H13:H19),0),"") | H38: =IFERROR(ROUND(AVERAGE(G13:G19),1),"") | I38: =IFERROR(IF(MAX(P13:P19)=0,"",MAX(P13:P19)),"") | J38: =IFERROR(IF(OR(I38="",I37=""),"",ROUND(I38-I37,1)),"") | K38: =IFERROR(IF(D38=0,"",ROUND(D38/AVERAGE(D$37:D38),2)),"") | L38: =COUNTIF(O13:O19,"✓") | M38: =IF(D38=0,"待填",IF(K38>1.3,"⚠ ACWR > 1.3 強制 Deload",IF(K38<0.8,"低負荷，可加碼",IF(L38>=5,"✓ 達標佳","→ 注意飲食配合"))))
A39: Week 3 | B39: =IF(A20="","-",TEXT(A20,"m/d")&" – "&IF(A26="","",TEXT(A26,"m/d"))) | C39: =COUNTIF(C20:C26,"Day*")+COUNTIF(C20:C26,"方案A*") | D39: =IFERROR(SUM(F20:F26),0) | E39: =IFERROR(ROUND(AVERAGE(E20:E26),1),"") | F39: =IFERROR(ROUND(AVERAGE(K20:K26),0),"") | G39: =IFERROR(ROUND(AVERAGE(H20:H26),0),"") | H39: =IFERROR(ROUND(AVERAGE(G20:G26),1),"") | I39: =IFERROR(IF(MAX(P20:P26)=0,"",MAX(P20:P26)),"") | J39: =IFERROR(IF(OR(I39="",I38=""),"",ROUND(I39-I38,1)),"") | K39: =IFERROR(IF(D39=0,"",ROUND(D39/AVERAGE(D$37:D39),2)),"") | L39: =COUNTIF(O20:O26,"✓") | M39: =IF(D39=0,"待填",IF(K39>1.3,"⚠ ACWR > 1.3 強制 Deload",IF(K39<0.8,"低負荷，可加碼",IF(L39>=5,"✓ 達標佳","→ 注意飲食配合"))))
A40: Week 4 | B40: =IF(A27="","-",TEXT(A27,"m/d")&" – "&IF(A33="","",TEXT(A33,"m/d"))) | C40: =COUNTIF(C27:C33,"Day*")+COUNTIF(C27:C33,"方案A*") | D40: =IFERROR(SUM(F27:F33),0) | E40: =IFERROR(ROUND(AVERAGE(E27:E33),1),"") | F40: =IFERROR(ROUND(AVERAGE(K27:K33),0),"") | G40: =IFERROR(ROUND(AVERAGE(H27:H33),0),"") | H40: =IFERROR(ROUND(AVERAGE(G27:G33),1),"") | I40: =IFERROR(IF(MAX(P27:P33)=0,"",MAX(P27:P33)),"") | J40: =IFERROR(IF(OR(I40="",I39=""),"",ROUND(I40-I39,1)),"") | K40: =IFERROR(IF(D40=0,"",ROUND(D40/AVERAGE(D$37:D40),2)),"") | L40: =COUNTIF(O27:O33,"✓") | M40: =IF(D40=0,"待填",IF(K40>1.3,"⚠ ACWR > 1.3 強制 Deload",IF(K40<0.8,"低負荷，可加碼",IF(L40>=5,"✓ 達標佳","→ 注意飲食配合"))))
A41: 4 週總計 | C41: =SUM(C37:C40) | D41: =SUM(D37:D40) | E41: =IFERROR(ROUND(AVERAGE(E37:E40),1),"") | F41: =IFERROR(ROUND(AVERAGE(F37:F40),0),"") | G41: =IFERROR(ROUND(AVERAGE(G37:G40),0),"") | H41: =IFERROR(ROUND(AVERAGE(H37:H40),1),"") | J41: =IFERROR(IF(OR(I40="",I37=""),"",ROUND(I40-I37,1)),"") | L41: =SUM(L37:L40)
A43: ■ ACWR 解讀 (Acute / Chronic Workload Ratio)
B44: < 0.8 | C44: 低負荷區 | D44: 適合加碼：增量 5-10% 或加 1 組
B45: 0.8 – 1.3 | C45: 安全甜蜜帶 | D45: 繼續執行，保持節奏
B46: 1.3 – 1.5 | C46: 高風險 | D46: 下週應 deload 或保持當週重量
B47: > 1.5 | C47: 傷害高風險 | D47: 強制 deload：強度 ↓60%、組數 ↓40%
A49: ■ 達標摘要
B50: 累計訓練次數 | D50: =COUNTIF(C6:C33,"Day*")+COUNTIF(C6:C33,"方案A*")
B51: 累計總訓練點數 | D51: =IFERROR(SUM(F6:F33),0)
B52: ✓ 達標日數 | D52: =COUNTIF(O6:O33,"✓")
B53: ⚠ 警示日數 | D53: =COUNTIF(O6:O33,"⚠")
B54: ✗ 未達標日數 | D54: =COUNTIF(O6:O33,"✗")
B55: 平均 ΔKcal (kcal) | D55: =IFERROR(ROUND(AVERAGE(M6:M33),0),"")
B56: 平均 ΔP (g) | D56: =IFERROR(ROUND(AVERAGE(N6:N33),0),"")
B57: 4 週體重總變化 (kg) | D57: =IFERROR(ROUND(MAX(P6:P33)-MIN(IF(P6:P33>0,P6:P33)),1),"")
B58: 使用提示： 1) 訓練類型欄為下拉選單，選對類型才能正確比對熱量目標。 2) 體重欄一週填一次（建議週日晨起空腹）；其他天留空即可。 3) 連續 3 日狀態為 ✗ → 強制隔日改主動恢復或睡眠補足。 4) ACWR 第 1 週為基準值（=1），自第 2 週起才有比對意義。

Sheet 重量速查
A1: 重量速查表（已對 2.5kg 四捨五入）
A2: 公式 = MROUND(1RM × 強度 %, 2.5)；1RM 取自『個人資料』分頁。
A4: # | B4: 動作 | C4: 1RM (kg) | D4: 70% | E4: 72% | F4: 75% | G4: 77.5% | H4: 80% | I4: 使用場景
A5: 1 | B5: 槓鈴平板臥推 | C5: ='個人資料'!C14 | D5: =MROUND(C5*0.7,2.5) | E5: =MROUND(C5*0.72,2.5) | F5: =MROUND(C5*0.75,2.5) | G5: =MROUND(C5*0.775,2.5) | H5: =MROUND(C5*0.8,2.5) | I5: Day1 主動作；初學期 70-75%
A6: 2 | B6: 槓鈴背蹲（高槓） | C6: ='個人資料'!C15 | D6: =MROUND(C6*0.7,2.5) | E6: =MROUND(C6*0.72,2.5) | F6: =MROUND(C6*0.75,2.5) | G6: =MROUND(C6*0.775,2.5) | H6: =MROUND(C6*0.8,2.5) | I6: Day2 主動作；80% 重點
A7: 3 | B7: 傳統硬舉 | C7: ='個人資料'!C16 | D7: =MROUND(C7*0.7,2.5) | E7: =MROUND(C7*0.72,2.5) | F7: =MROUND(C7*0.75,2.5) | G7: =MROUND(C7*0.775,2.5) | H7: =MROUND(C7*0.8,2.5) | I7: Day5 主動作；4-6 下 80%
A8: 4 | B8: 槓鈴肩推（坐姿） | C8: ='個人資料'!C17 | D8: =MROUND(C8*0.7,2.5) | E8: =MROUND(C8*0.72,2.5) | F8: =MROUND(C8*0.75,2.5) | G8: =MROUND(C8*0.775,2.5) | H8: =MROUND(C8*0.8,2.5) | I8: Day1 第二項；72-75%
A9: 5 | B9: 槓鈴俯身划船 | C9: ='個人資料'!C18 | D9: =MROUND(C9*0.7,2.5) | E9: =MROUND(C9*0.72,2.5) | F9: =MROUND(C9*0.75,2.5) | G9: =MROUND(C9*0.775,2.5) | H9: =MROUND(C9*0.8,2.5) | I9: Day4 主動作；75%
A10: 6 | B10: 前蹲 | C10: ='個人資料'!C19 | D10: =MROUND(C10*0.7,2.5) | E10: =MROUND(C10*0.72,2.5) | F10: =MROUND(C10*0.75,2.5) | G10: =MROUND(C10*0.775,2.5) | H10: =MROUND(C10*0.8,2.5) | I10: Day5 第二項；75%
A11: 7 | B11: 羅馬尼亞硬舉 | C11: ='個人資料'!C20 | D11: =MROUND(C11*0.7,2.5) | E11: =MROUND(C11*0.72,2.5) | F11: =MROUND(C11*0.75,2.5) | G11: =MROUND(C11*0.775,2.5) | H11: =MROUND(C11*0.8,2.5) | I11: Day2 第二項；75%
A12: 8 | B12: 槓鈴髖推 | C12: ='個人資料'!C21 | D12: =MROUND(C12*0.7,2.5) | E12: =MROUND(C12*0.72,2.5) | F12: =MROUND(C12*0.75,2.5) | G12: =MROUND(C12*0.775,2.5) | H12: =MROUND(C12*0.8,2.5) | I12: Day5 第三項；80%
A13: 9 | B13: 引體向上（含加重） | C13: ='個人資料'!C22 | D13: =MROUND(C13*0.7,2.5) | E13: =MROUND(C13*0.72,2.5) | F13: =MROUND(C13*0.75,2.5) | G13: =MROUND(C13*0.775,2.5) | H13: =MROUND(C13*0.8,2.5) | I13: Day4 主動作；可加負重至 BW+X
A14: 10 | B14: 雙槓撐體（含加重） | C14: ='個人資料'!C23 | D14: =MROUND(C14*0.7,2.5) | E14: =MROUND(C14*0.72,2.5) | F14: =MROUND(C14*0.75,2.5) | G14: =MROUND(C14*0.775,2.5) | H14: =MROUND(C14*0.8,2.5) | I14: Day1 第四項；可加負重

Sheet Day 1 推
A1: Day 1｜上肢推（水平 + 垂直）
A2: 強度 75% 1RM｜目標 RPE 8｜訓練時長約 60 分
A4: ■ 訓練菜單（目標重量自動帶入）
A5: # | B5: 動作 | C5: 組×次 | D5: 強度 | E5: 目標 kg | F5: 目標 RPE | G5: 組 1 | H5: 組 2 | I5: 組 3 | J5: 組 4 | K5: 備註 / 組間休息
A6: 1 | B6: 槓鈴平板臥推 | C6: 4 × 6-8 | D6: 75% 1RM | E6: ='重量速查'!F5 | F6: 8 | K6: Full ROM 觸胸；組間 2-3 分鐘
A7: 2 | B7: 坐姿槓鈴肩推 | C7: 4 × 8-10 | D7: 72% 1RM | E7: ='重量速查'!E8 | F7: 8 | K7: 過頂鎖定；組間 2 分鐘
A8: 3 | B8: 上斜啞鈴臥推 30° | C8: 3 × 8-10 | D8: 70% 1RM 對應 | E8: 32.5 | F8: 8 | K8: 單手啞鈴重量（kg）；組間 90 秒
A9: 4 | B9: 雙槓撐體（加重） | C9: 3 × 8-10 | D9: RPE 控 | E9: RPE 控 | F9: 8 | K9: RPE 8（剩 2 下保留）；組間 90 秒
A10: 5 | B10: 繩索三頭下壓 | C10: 3 × 10-12 | D10: RPE 控 | E10: RPE 控 | F10: 8 | K10: 肘穩定夾體側；組間 60 秒
A11: 6 | B11: 啞鈴側平舉 | C11: 3 × 12-15 | D11: RPE 控 | E11: RPE 控 | F11: 9 | K11: 單手啞鈴 8-12kg 起；組間 60 秒
A13: ■ 本次訓練 Session 紀錄
B14: 日期 | C14: 訓練分鐘 | D14: Session-RPE | E14: 訓練點數 | F14: Readiness 分數 | G14: 備註
E15: =C15*D15
B17: 提醒：1) 主要動作優先做（神經系統最清醒）；2) 熱身：5 分有氧 + 空槓 + 60%×5 + 80%×3；3) 連續 3 次 Session-RPE 點數高於 4 週平均 130% → 強制 deload。

Sheet Day 2 腿A
A1: Day 2｜下肢多關節（強攻第二型快縮肌）
A2: 強度 80% 1RM｜目標 RPE 8.5｜訓練時長約 70 分
A4: ■ 訓練菜單（目標重量自動帶入）
A5: # | B5: 動作 | C5: 組×次 | D5: 強度 | E5: 目標 kg | F5: 目標 RPE | G5: 組 1 | H5: 組 2 | I5: 組 3 | J5: 組 4 | K5: 備註 / 組間休息
A6: 1 | B6: 槓鈴背蹲（高槓） | C6: 4 × 5-6 | D6: 80% 1RM | E6: ='重量速查'!H6 | F6: 8.5 | K6: 蹲至大腿平行以下；組間 3 分鐘
A7: 2 | B7: 羅馬尼亞硬舉 | C7: 4 × 6-8 | D7: 75% 1RM | E7: ='重量速查'!F11 | F7: 8 | K7: 髖鉸鏈，膕繩拉伸感；組間 2-3 分鐘
A8: 3 | B8: 保加利亞分腿蹲（DB） | C8: 3 × 8-10/邊 | D8: DB 重 | E8: 22.5 | F8: 8 | K8: 單手啞鈴 kg；組間 90 秒
A9: 4 | B9: 腿推 (Leg Press) | C9: 3 × 8-10 | D9: RPE 控 | E9: RPE 控 | F9: 8 | K9: 大角度 ROM；組間 2 分鐘
A10: 5 | B10: 坐姿腿彎舉 | C10: 3 × 10-12 | D10: RPE 控 | E10: RPE 控 | F10: 8 | K10: 頂端 2 秒收縮；組間 60 秒
A11: 6 | B11: 站姿提踵 | C11: 4 × 12-15 | D11: RPE 控 | E11: RPE 控 | F11: 9 | K11: 完整下伸 + 頂端收縮；組間 60 秒
A13: ■ 本次訓練 Session 紀錄
B14: 日期 | C14: 訓練分鐘 | D14: Session-RPE | E14: 訓練點數 | F14: Readiness 分數 | G14: 備註
E15: =C15*D15
B17: 提醒：1) 主要動作優先做（神經系統最清醒）；2) 熱身：5 分有氧 + 空槓 + 60%×5 + 80%×3；3) 連續 3 次 Session-RPE 點數高於 4 週平均 130% → 強制 deload。

Sheet Day 4 拉
A1: Day 4｜上肢拉（厚度 + 寬度）
A2: 強度 75% 1RM｜目標 RPE 8｜訓練時長約 60 分
A4: ■ 訓練菜單（目標重量自動帶入）
A5: # | B5: 動作 | C5: 組×次 | D5: 強度 | E5: 目標 kg | F5: 目標 RPE | G5: 組 1 | H5: 組 2 | I5: 組 3 | J5: 組 4 | K5: 備註 / 組間休息
A6: 1 | B6: 引體向上（加重）/ 滑輪下拉 | C6: 4 × 6-8 | D6: 75% 1RM | E6: ='重量速查'!F13 | F6: 8 | K6: 起始全伸展；組間 2-3 分鐘
A7: 2 | B7: 槓鈴俯身划船 | C7: 4 × 6-8 | D7: 75% 1RM | E7: ='重量速查'!F9 | F7: 8 | K7: 軀幹 45°，拉至下腹；組間 2 分鐘
A8: 3 | B8: 啞鈴單臂划船 | C8: 3 × 8-10/邊 | D8: DB 重 | E8: 32.5 | F8: 8 | K8: 單手啞鈴 kg；組間 90 秒
A9: 4 | B9: 繩索面拉 (Face Pull) | C9: 3 × 12-15 | D9: RPE 控 | E9: RPE 控 | F9: 8 | K9: 後束 + 旋轉肌群；組間 60 秒
A10: 5 | B10: 槓鈴二頭彎舉 | C10: 3 × 8-10 | D10: RPE 控 | E10: 30 | F10: 8 | K10: EZ 桿或直槓；組間 90 秒
A11: 6 | B11: 啞鈴錘式彎舉 | C11: 3 × 10-12 | D11: RPE 控 | E11: 14 | F11: 8 | K11: 單手啞鈴 kg；組間 60 秒
A13: ■ 本次訓練 Session 紀錄
B14: 日期 | C14: 訓練分鐘 | D14: Session-RPE | E14: 訓練點數 | F14: Readiness 分數 | G14: 備註
E15: =C15*D15
B17: 提醒：1) 主要動作優先做（神經系統最清醒）；2) 熱身：5 分有氧 + 空槓 + 60%×5 + 80%×3；3) 連續 3 次 Session-RPE 點數高於 4 週平均 130% → 強制 deload。

Sheet Day 5 腿B
A1: Day 5｜下肢功能性強化
A2: 強度 80% 1RM｜目標 RPE 9｜訓練時長約 70 分
A4: ■ 訓練菜單（目標重量自動帶入）
A5: # | B5: 動作 | C5: 組×次 | D5: 強度 | E5: 目標 kg | F5: 目標 RPE | G5: 組 1 | H5: 組 2 | I5: 組 3 | J5: 組 4 | K5: 備註 / 組間休息
A6: 1 | B6: 傳統硬舉 | C6: 4 × 4-6 | D6: 80% 1RM | E6: ='重量速查'!H7 | F6: 9 | K6: 槓貼小腿，背中立；組間 3 分鐘
A7: 2 | B7: 前蹲 (Front Squat) | C7: 3 × 6-8 | D7: 75% 1RM | E7: ='重量速查'!F10 | F7: 8 | K7: 軀幹直立，肘高抬；組間 2-3 分鐘
A8: 3 | B8: 槓鈴髖推 | C8: 4 × 8-10 | D8: 80% 1RM | E8: ='重量速查'!H12 | F8: 8 | K8: 頂端臀夾 1 秒；組間 90 秒
A9: 4 | B9: 行走式弓步（DB） | C9: 3 × 10 步/邊 | D9: DB 重 | E9: 20 | F9: 8 | K9: 單手啞鈴 kg；組間 90 秒
A10: 5 | B10: 腿彎舉（機械） | C10: 3 × 8-10 | D10: RPE 控 | E10: RPE 控 | F10: 8 | K10: 離心 3-4 秒；組間 60 秒
A11: 6 | B11: 坐姿提踵 | C11: 4 × 10-12 | D11: RPE 控 | E11: RPE 控 | F11: 9 | K11: 比目魚肌聚焦；組間 60 秒
A13: ■ 本次訓練 Session 紀錄
B14: 日期 | C14: 訓練分鐘 | D14: Session-RPE | E14: 訓練點數 | F14: Readiness 分數 | G14: 備註
E15: =C15*D15
B17: 提醒：1) 主要動作優先做（神經系統最清醒）；2) 熱身：5 分有氧 + 空槓 + 60%×5 + 80%×3；3) 連續 3 次 Session-RPE 點數高於 4 週平均 130% → 強制 deload。

Sheet 方案A 全身
A1: 方案 A（備援）｜全身效率型 — 每週 2-3 次
A2: 出差 / 減載 / 復健週使用；總時長 ≤ 60 分鐘
A4: ■ 訓練菜單（目標重量自動帶入）
A5: # | B5: 動作 | C5: 組×次 | D5: 強度 | E5: 目標 kg | F5: 目標 RPE | G5: 組 1 | H5: 組 2 | I5: 組 3 | J5: 組 4 | K5: 備註 / 組間休息
A6: 1 | B6: 槓鈴背蹲 或 硬舉 | C6: 3-4 × 6-8 | D6: 75% 1RM | E6: ='重量速查'!F6 | F6: 7.5 | K6: 二擇一輪替；組間 2-3 分
A7: 2 | B7: 槓鈴臥推 或 雙槓撐體 | C7: 3 × 6-8 | D7: 75% 1RM | E7: ='重量速查'!F5 | F7: 7.5 | K7: 二擇一；組間 2 分
A8: 3 | B8: 槓鈴划船 或 引體向上 | C8: 3 × 6-8 | D8: 75% 1RM | E8: ='重量速查'!F9 | F8: 7.5 | K8: 二擇一；組間 2 分
A9: 4 | B9: 肩推 或 滑輪下拉 | C9: 3 × 8-10 | D9: 72% 1RM | E9: ='重量速查'!E8 | F9: 7.5 | K9: 二擇一；組間 90 秒
A10: 5 | B10: 臀橋 / 髖推 | C10: 3 × 10 | D10: RPE 控 | E10: RPE 控 | F10: 7 | K10: 頂端夾臀；組間 90 秒
A11: 6 | B11: 核心循環（棒式/死蟲式/農夫走） | C11: 3 組 | D11: RPE 控 | E11: RPE 控 | F11: 7 | K11: 30-60 秒/組；組間 30 秒
A13: ■ 本次訓練 Session 紀錄
B14: 日期 | C14: 訓練分鐘 | D14: Session-RPE | E14: 訓練點數 | F14: Readiness 分數 | G14: 備註
E15: =C15*D15
B17: 提醒：1) 主要動作優先做（神經系統最清醒）；2) 熱身：5 分有氧 + 空槓 + 60%×5 + 80%×3；3) 連續 3 次 Session-RPE 點數高於 4 週平均 130% → 強制 deload。

Sheet Readiness
A1: Readiness 自評（每日晨起 1 分鐘）
A2: 四項各 1-10 分；總分 < 14 強制降強度或主動恢復｜14-30 照表執行｜>30 可加碼 +2.5kg
A4: 日期 | B4: 睡眠 (1-10) | C4: 痠痛 (1-10) | D4: 心情 (1-10) | E4: 食慾 (1-10) | F4: 總分 | G4: 判定 | H4: 備註 / 戰術調整
F5: =IF(SUM(B5:E5)=0,"",SUM(B5:E5)) | G5: =IF(F5="","",IF(F5<14,"⚠ 降強度/主動恢復",IF(F5>30,"✓ 可加碼","→ 照表執行")))
F6: =IF(SUM(B6:E6)=0,"",SUM(B6:E6)) | G6: =IF(F6="","",IF(F6<14,"⚠ 降強度/主動恢復",IF(F6>30,"✓ 可加碼","→ 照表執行")))
F7: =IF(SUM(B7:E7)=0,"",SUM(B7:E7)) | G7: =IF(F7="","",IF(F7<14,"⚠ 降強度/主動恢復",IF(F7>30,"✓ 可加碼","→ 照表執行")))
F8: =IF(SUM(B8:E8)=0,"",SUM(B8:E8)) | G8: =IF(F8="","",IF(F8<14,"⚠ 降強度/主動恢復",IF(F8>30,"✓ 可加碼","→ 照表執行")))
F9: =IF(SUM(B9:E9)=0,"",SUM(B9:E9)) | G9: =IF(F9="","",IF(F9<14,"⚠ 降強度/主動恢復",IF(F9>30,"✓ 可加碼","→ 照表執行")))
F10: =IF(SUM(B10:E10)=0,"",SUM(B10:E10)) | G10: =IF(F10="","",IF(F10<14,"⚠ 降強度/主動恢復",IF(F10>30,"✓ 可加碼","→ 照表執行")))
F11: =IF(SUM(B11:E11)=0,"",SUM(B11:E11)) | G11: =IF(F11="","",IF(F11<14,"⚠ 降強度/主動恢復",IF(F11>30,"✓ 可加碼","→ 照表執行")))
F12: =IF(SUM(B12:E12)=0,"",SUM(B12:E12)) | G12: =IF(F12="","",IF(F12<14,"⚠ 降強度/主動恢復",IF(F12>30,"✓ 可加碼","→ 照表執行")))
F13: =IF(SUM(B13:E13)=0,"",SUM(B13:E13)) | G13: =IF(F13="","",IF(F13<14,"⚠ 降強度/主動恢復",IF(F13>30,"✓ 可加碼","→ 照表執行")))
F14: =IF(SUM(B14:E14)=0,"",SUM(B14:E14)) | G14: =IF(F14="","",IF(F14<14,"⚠ 降強度/主動恢復",IF(F14>30,"✓ 可加碼","→ 照表執行")))
F15: =IF(SUM(B15:E15)=0,"",SUM(B15:E15)) | G15: =IF(F15="","",IF(F15<14,"⚠ 降強度/主動恢復",IF(F15>30,"✓ 可加碼","→ 照表執行")))
F16: =IF(SUM(B16:E16)=0,"",SUM(B16:E16)) | G16: =IF(F16="","",IF(F16<14,"⚠ 降強度/主動恢復",IF(F16>30,"✓ 可加碼","→ 照表執行")))
... F32: =IF(SUM(B32:E32)=0,"",SUM(B32:E32)) | G32: =IF(F32="","",IF(F32<14,"⚠ 降強度/主動恢復",IF(F32>30,"✓ 可加碼","→ 照表執行")))

Sheet 營養目標
A1: 營養目標與每日追蹤（Body Recomp）
A2: 目標：同時增肌減脂｜訓練日熱量維持、休息日輕度赤字｜蛋白質為錨點
A4: ■ TDEE 自動計算（Mifflin-St Jeor）
B5: BMR (男) | C5: =10*'個人資料'!C6+6.25*'個人資料'!C5-5*'個人資料'!C7+5 | D5: kcal/日
B6: TDEE (× 活動係數) | C6: =ROUND(C5*'個人資料'!C9,0) | D6: kcal/日
A8: ■ 每日目標宏量（Body Recomp：訓練日維持，休息日 -200 kcal）
B9: 目標 | C9: 蛋白質 g | D9: 脂肪 g | E9: 碳水 g | F9: 熱量 kcal | G9: P g/kg | H9: 備註
B10: 訓練日 | C10: =ROUND('個人資料'!C6*2.0,0) | D10: =ROUND('個人資料'!C6*0.9,0) | E10: =ROUND((C6-C10*4-D10*9)/4,0) | F10: =C10*4+D10*9+E10*4 | G10: =ROUND(C10/'個人資料'!C6,1) | H10: 碳水偏訓練前後
B11: 休息日 | C11: =ROUND('個人資料'!C6*2.0,0) | D11: =ROUND('個人資料'!C6*0.9,0) | E11: =ROUND((C6-200-C11*4-D11*9)/4,0) | F11: =C11*4+D11*9+E11*4 | G11: =ROUND(C11/'個人資料'!C6,1) | H11: 碳水低 20%
B12: 週平均 (4訓3休) | C12: =ROUND((C10*4+C11*3)/7,0) | D12: =ROUND((D10*4+D11*3)/7,0) | E12: =ROUND((E10*4+E11*3)/7,0) | F12: =ROUND((F10*4+F11*3)/7,0)
A14: ■ 每日攝取追蹤（自動算熱量；超出/不足會即時反映）
A15: 日期 | B15: 類型 | C15: 蛋白質 g | D15: 脂肪 g | E15: 碳水 g | F15: 熱量 kcal | G15: 對比目標 | H15: 備註
F16: =IF(SUM(C16:E16)=0,"",C16*4+D16*9+E16*4) | G16: =IF(F16="","",IF(B16="訓練",F16-$F$10,IF(B16="休息",F16-$F$11,F16-$F$12)))
F17: =IF(SUM(C17:E17)=0,"",C17*4+D17*9+E17*4) | G17: =IF(F17="","",IF(B17="訓練",F17-$F$10,IF(B17="休息",F17-$F$11,F17-$F$12)))
F18: =IF(SUM(C18:E18)=0,"",C18*4+D18*9+E18*4) | G18: =IF(F18="","",IF(B18="訓練",F18-$F$10,IF(B18="休息",F18-$F$11,F18-$F$12)))
F19: =IF(SUM(C19:E19)=0,"",C19*4+D19*9+E19*4) | G19: =IF(F19="","",IF(B19="訓練",F19-$F$10,IF(B19="休息",F19-$F$11,F19-$F$12)))
F20: =IF(SUM(C20:E20)=0,"",C20*4+D20*9+E20*4) | G20: =IF(F20="","",IF(B20="訓練",F20-$F$10,IF(B20="休息",F20-$F$11,F20-$F$12)))
F21: =IF(SUM(C21:E21)=0,"",C21*4+D21*9+E21*4) | G21: =IF(F21="","",IF(B21="訓練",F21-$F$10,IF(B21="休息",F21-$F$11,F21-$F$12)))
F22: =IF(SUM(C22:E22)=0,"",C22*4+D22*9+E22*4) | G22: =IF(F22="","",IF(B22="訓練",F22-$F$10,IF(B22="休息",F22-$F$11,F22-$F$12)))
F23: =IF(SUM(C23:E23)=0,"",C23*4+D23*9+E23*4) | G23: =IF(F23="","",IF(B23="訓練",F23-$F$10,IF(B23="休息",F23-$F$11,F23-$F$12)))
F24: =IF(SUM(C24:E24)=0,"",C24*4+D24*9+E24*4) | G24: =IF(F24="","",IF(B24="訓練",F24-$F$10,IF(B24="休息",F24-$F$11,F24-$F$12)))
F25: =IF(SUM(C25:E25)=0,"",C25*4+D25*9+E25*4) | G25: =IF(F25="","",IF(B25="訓練",F25-$F$10,IF(B25="休息",F25-$F$11,F25-$F$12)))
F26: =IF(SUM(C26:E26)=0,"",C26*4+D26*9+E26*4) | G26: =IF(F26="","",IF(B26="訓練",F26-$F$10,IF(B26="休息",F26-$F$11,F26-$F$12)))
F27: =IF(SUM(C27:E27)=0,"",C27*4+D27*9+E27*4) | G27: =IF(F27="","",IF(B27="訓練",F27-$F$10,IF(B27="休息",F27-$F$11,F27-$F$12)))
... F29: =IF(SUM(C29:E29)=0,"",C29*4+D29*9+E29*4) | G29: =IF(F29="","",IF(B29="訓練",F29-$F$10,IF(B29="休息",F29-$F$11,F29-$F$12)))
B32: 提示：類型欄填『訓練』或『休息』；對比目標 = 實際 - 目標。建議單日落在 ±200 kcal 內。

Sheet 食物範例
A1: 食物宏量速查表（每 100g 生重 / 蛋以一顆）
A2: 建議：每餐優先湊到 30-50g 蛋白質；脂肪以堅果 / 橄欖油 / 蛋黃 / 起司補；碳水繞訓練前後
A4: # | B4: 食物 | C4: 份量單位 | D4: 蛋白質 g | E4: 脂肪 g | F4: 碳水 g | G4: 熱量 kcal | H4: 備註
A5: 1 | B5: 雞胸肉（去皮） | C5: 100g 生 | D5: 23 | E5: 1.8 | F5: 0 | G5: =D5*4+E5*9+F5*4 | H5: 首選 P 來源
A6: 2 | B6: 雞腿肉（去皮） | C6: 100g 生 | D6: 19 | E6: 8 | F6: 0 | G6: =D6*4+E6*9+F6*4 | H6: 風味好，脂肪略高
A7: 3 | B7: 雞蛋（中型） | C7: 1 顆 60g | D7: 7 | E7: 5 | F7: 0.5 | G7: =D7*4+E7*9+F7*4 | H7: 完整氨基酸 / 蛋黃含膽鹼
A8: 4 | B8: 蛋白 | C8: 1 顆 | D8: 3.6 | E8: 0 | F8: 0.3 | G8: =D8*4+E8*9+F8*4 | H8: 純蛋白零脂
A9: 5 | B9: 鮭魚 | C9: 100g 生 | D9: 20 | E9: 13 | F9: 0 | G9: =D9*4+E9*9+F9*4 | H9: Omega-3 來源
A10: 6 | B10: 鮪魚（罐裝水煮） | C10: 100g | D10: 25 | E10: 1 | F10: 0 | G10: =D10*4+E10*9+F10*4 | H10: 高 P 低 F
A11: 7 | B11: 白蝦 | C11: 100g 生 | D11: 20 | E11: 1 | F11: 0 | G11: =D11*4+E11*9+F11*4 | H11: 低脂高 P
A12: 8 | B12: 豬里肌 | C12: 100g 生 | D12: 22 | E12: 4 | F12: 0 | G12: =D12*4+E12*9+F12*4 | H12: 瘦肉，可烤可煎
A13: 9 | B13: 牛腱 / 牛腩瘦 | C13: 100g 生 | D13: 20 | E13: 7 | F13: 0 | G13: =D13*4+E13*9+F13*4 | H13: 鐵質高
A14: 10 | B14: 豆腐（板豆腐） | C14: 100g | D14: 8 | E14: 4.5 | F14: 1 | G14: =D14*4+E14*9+F14*4 | H14: 植物 P / 含異黃酮
A15: 11 | B15: 無糖希臘優格 | C15: 100g | D15: 10 | E15: 0.5 | F15: 4 | G15: =D15*4+E15*9+F15*4 | H15: 晚餐 / 點心
A16: 12 | B16: 茅屋起司 | C16: 100g | D16: 11 | E16: 4 | F16: 3 | G16: =D16*4+E16*9+F16*4 | H16: 緩釋酪蛋白，睡前佳
... A31: 27 | B31: 番茄 | C31: 100g | D31: 0.9 | E31: 0.2 | F31: 3.9 | G31: =D31*4+E31*9+F31*4 | H31: 茄紅素

Sheet 4週檢核
A1: 4 週微週期進度檢核
A2: 累積 → 強化 → 巔峰 → Deload；第 4 週末重測 1RM 並更新『個人資料』。
A4: # | B4: 週次 | C4: 目標 / 動作要點 | D4: 強度調整 | E4: 容量調整 | F4: 完成？ | G4: 備註
A5: 1 | B5: Week 1 | C5: 累積 (Accumulation)｜依表執行，建立技術節奏 | D5: 70-75% 1RM | E5: 標準組數 | F5: ☐
A6: 2 | B6: Week 2 | C6: 強化 (Intensification)｜主動作 +2.5kg；次數靠下緣 | D6: 72-77.5% 1RM | E6: 同組數 | F6: ☐
A7: 3 | B7: Week 3 | C7: 巔峰 (Peak)｜嘗試突破 RPE 9；主動作再 +2.5kg | D7: 75-80% 1RM | E7: 可加 1 組 | F7: ☐
A8: 4 | B8: Week 4 | C8: 減載 (Deload)｜強度 ↓ 60%；組數 -40%；主動恢復為主 | D8: 60% 1RM | E8: 組數減 40% | F8: ☐ | G8: 末日重測 1RM
A11: ■ 8 / 12 週里程碑
B12: 里程碑 | C12: 檢核項目 | D12: 目前 | E12: 目標 | F12: 完成？ | G12: 備註
B13: 第 4 週末 | C13: 1RM 預估上升 5-10% | D13: 重測 5RM × 1.15 | G13: ☐
B14: 第 8 週末 | C14: 體組成（DEXA / InBody） | D14: 瘦體重 +0.5~1kg | G14: ☐
B15: 第 12 週末 | C15: 重測 5RM / 8RM | D15: 依新基準校正課表 | G15: ☐
